[
    {
        "date": "August 1",
        "headline": "The rejection of the germ theory of disease.",
        "summary": "Before the germ theory of disease was accepted, many believed that illnesses were caused by miasma (bad air) or imbalances in bodily humors. The work of scientists like Louis Pasteur and Robert Koch provided compelling evidence that microorganisms are responsible for many diseases. Pasteur's experiments on fermentation and pasteurization, along with Koch's identification of specific pathogens, revolutionized medicine and led to the development of modern practices in hygiene, vaccination, and antimicrobial treatments."
    },
    {
        "date": "August 2",
        "headline": "The belief that the sun revolved around the Earth.",
        "summary": "For centuries, the geocentric model of the universe, which posited that the Earth was at the center and that all celestial bodies, including the sun, revolved around it, was widely accepted. This belief was challenged by Copernicus in the 16th century with his heliocentric model, which placed the sun at the center of the solar system. The work of astronomers like Galileo and Kepler provided further evidence for the heliocentric model, fundamentally changing our understanding of the cosmos."
    },
    {
        "date": "August 3",
        "headline": "The dismissal of the potential of antibiotics.",
        "summary": "When Alexander Fleming discovered penicillin in 1928, its potential was not immediately recognized. It took more than a decade for penicillin to be developed into a widely used antibiotic, revolutionizing medicine and saving countless lives. The initial skepticism about antibiotics highlights the importance of further research and development in recognizing the potential of new medical treatments."
    },
    {
        "date": "August 4",
        "headline": "The belief in spontaneous generation.",
        "summary": "For centuries, it was widely believed that life could spontaneously arise from non-living matter. This idea, known as spontaneous generation, was eventually disproven by experiments conducted by scientists like Francesco Redi and Louis Pasteur. Redi demonstrated that maggots on decaying meat came from eggs laid by flies, not from the meat itself. Pasteur's experiments with sterilized broth further confirmed that life does not spontaneously generate, leading to the acceptance of biogenesis, the principle that life arises from pre-existing life."
    },
    {
        "date": "August 5",
        "headline": "The dismissal of the potential of computers.",
        "summary": "In the early 20th century, the idea of electronic computers was met with skepticism. Some believed that such machines would never be practical or widely used. This skepticism was dispelled by the development of early computers like ENIAC and the subsequent advances in computer technology. Today, computers are integral to nearly every aspect of modern life, driving innovation, communication, and productivity."
    },
    {
        "date": "August 6",
        "headline": "The belief that all swans are white.",
        "summary": "The belief that all swans are white was held by Europeans for centuries until the discovery of black swans in Australia in the late 17th century. This discovery challenged the prevailing assumption and demonstrated the importance of empirical observation in science. The term 'black swan' has since become a metaphor for unexpected events that challenge established knowledge and have significant impact."
    },
    {
        "date": "August 7",
        "headline": "The rejection of the wave theory of light.",
        "summary": "Before the acceptance of the wave theory of light, many scientists believed in the particle theory, which posited that light was composed of particles. The wave theory, developed by Christiaan Huygens and supported by Thomas Young's double-slit experiment, demonstrated that light behaves as a wave. Later, the work of James Clerk Maxwell, who formulated the theory of electromagnetism, and Albert Einstein, who introduced the concept of wave-particle duality, further expanded our understanding of light."
    },
    {
        "date": "August 8",
        "headline": "The belief in the four elements as the basis of matter.",
        "summary": "For centuries, ancient Greek philosophers like Empedocles and Aristotle believed that all matter was composed of four elements: earth, water, air, and fire. This theory persisted until the development of modern chemistry in the 17th and 18th centuries, which revealed that matter is composed of atoms and molecules. The discovery of chemical elements and the formulation of the periodic table by Dmitri Mendeleev further disproved the ancient theory of the four elements."
    },
    {
        "date": "August 9",
        "headline": "The rejection of the heliocentric model.",
        "summary": "The heliocentric model, which posits that the Earth and other planets orbit the sun, was first proposed by Copernicus in the 16th century. Initially, it faced strong opposition from the Catholic Church and many scholars who adhered to the geocentric model. It took the work of astronomers like Kepler and Galileo, who provided further evidence through observations and mathematical models, to eventually gain acceptance and revolutionize our understanding of the solar system."
    },
    {
        "date": "August 10",
        "headline": "The belief that diseases were caused by evil spirits.",
        "summary": "In ancient times, diseases were often attributed to supernatural causes such as curses, evil spirits, or divine punishment. This belief led to treatments based on exorcisms, rituals, and charms. The development of the germ theory of disease by scientists like Louis Pasteur and Robert Koch provided a scientific explanation for diseases, identifying microorganisms as the true culprits. This understanding led to modern medical practices focused on hygiene, vaccination, and antimicrobial treatments."
    },
    {
        "date": "August 11",
        "headline": "The dismissal of the potential of television.",
        "summary": "When television technology was first introduced, many experts dismissed its potential. They believed it would be a novelty with little impact on society. However, as television technology improved and broadcasting content expanded, it became a dominant medium for entertainment, news, and education, fundamentally transforming the way people consume information and connect with the world."
    },
    {
        "date": "August 12",
        "headline": "The rejection of the idea that germs cause disease.",
        "summary": "Before the acceptance of the germ theory of disease, many believed that illnesses were caused by miasma (bad air) or imbalances in bodily humors. The work of scientists like Louis Pasteur and Robert Koch provided compelling evidence that microorganisms are responsible for many diseases. Pasteur's experiments on fermentation and pasteurization, along with Koch's identification of specific pathogens, revolutionized medicine and led to the development of modern practices in hygiene, vaccination, and antimicrobial treatments."
    },
    {
        "date": "August 13",
        "headline": "The dismissal of the importance of hygiene in surgery.",
        "summary": "Before the acceptance of the germ theory of disease, the importance of hygiene in medical practices was often overlooked. Doctors would move from one patient to another without washing their hands, leading to high rates of infection. The work of pioneers like Ignaz Semmelweis and Joseph Lister demonstrated that proper hygiene practices, such as handwashing and sterilization, could significantly reduce infections and save lives. Their contributions laid the foundation for modern antiseptic techniques and infection control in medicine."
    },
    {
        "date": "August 14",
        "headline": "The belief that the heart was the center of thought.",
        "summary": "In ancient times, many cultures believed that the heart was the center of thought, emotion, and consciousness. This view was gradually replaced by the understanding that the brain is the true center of these functions. Advances in neuroscience and psychology have provided detailed insights into how the brain processes information, controls behavior, and forms the basis of our thoughts and emotions."
    }
]