[
    {
        "date": "March 15",
        "headline": "The belief that the moon was made of cheese.",
        "summary": "The idea that the moon was made of cheese is an old folk tale and a metaphorical expression rather than a serious scientific belief. However, it reflects the limited understanding of celestial bodies in ancient times. The development of telescopes and advancements in astronomy have provided detailed knowledge about the moon's composition, which is primarily rock and dust. The exploration of the moon, including the Apollo missions, has given us a comprehensive understanding of its geology and formation."
    },
    {
        "date": "March 16",
        "headline": "The rejection of the wave theory of light.",
        "summary": "Before the acceptance of the wave theory of light, many scientists believed in the particle theory, which posited that light was composed of particles. The wave theory, developed by Christiaan Huygens and supported by Thomas Young's double-slit experiment, demonstrated that light behaves as a wave. Later, the work of James Clerk Maxwell, who formulated the theory of electromagnetism, and Albert Einstein, who introduced the concept of wave-particle duality, further expanded our understanding of light."
    },
    {
        "date": "March 17",
        "headline": "The dismissal of the potential of television.",
        "summary": "When television technology was first introduced, many experts dismissed its potential. They believed it would be a novelty with little impact on society. However, as television technology improved and broadcasting content expanded, it became a dominant medium for entertainment, news, and education, fundamentally transforming the way people consume information and connect with the world."
    },
    {
        "date": "March 18",
        "headline": "The belief that all swans are white.",
        "summary": "The belief that all swans are white was held by Europeans for centuries until the discovery of black swans in Australia in the late 17th century. This discovery challenged the prevailing assumption and demonstrated the importance of empirical observation in science. The term 'black swan' has since become a metaphor for unexpected events that challenge established knowledge and have significant impact."
    },
    {
        "date": "March 19",
        "headline": "The rejection of the theory of evolution.",
        "summary": "When Charles Darwin published his theory of evolution by natural selection in 1859, it faced significant opposition from both religious and scientific communities. Many people found it difficult to accept that species, including humans, could evolve over time through natural processes. Over time, however, extensive evidence from various fields such as genetics, paleontology, and comparative anatomy has validated Darwin's theory, making it a cornerstone of modern biology."
    },
    {
        "date": "March 20",
        "headline": "The dismissal of the possibility of human spaceflight.",
        "summary": "Before the mid-20th century, the idea of human spaceflight was often dismissed as science fiction. However, this skepticism was proven wrong when the Soviet Union launched Yuri Gagarin into orbit in 1961, making him the first human to travel into space. This historic flight demonstrated that human space exploration was not only possible but also achievable, paving the way for future missions to the moon and beyond."
    },
    {
        "date": "March 21",
        "headline": "The belief that the Earth was flat.",
        "summary": "The belief in a flat Earth was common in ancient civilizations. It wasn't until the work of early Greek philosophers like Pythagoras and later astronomers such as Aristotle and Eratosthenes that the idea of a spherical Earth gained acceptance. Their observations and calculations, including the curvature of the Earth's shadow on the moon during an eclipse and the variation in star constellations with latitude, provided compelling evidence for a round Earth. Today, the spherical shape of the Earth is an established scientific fact."
    },
    {
        "date": "March 22",
        "headline": "The rejection of the idea that germs cause disease.",
        "summary": "Before the acceptance of the germ theory of disease, many believed that illnesses were caused by miasma (bad air) or imbalances in bodily humors. The work of scientists like Louis Pasteur and Robert Koch provided compelling evidence that microorganisms are responsible for many diseases. Pasteur's experiments on fermentation and pasteurization, along with Koch's identification of specific pathogens, revolutionized medicine and led to the development of modern practices in hygiene, vaccination, and antimicrobial treatments."
    },
    {
        "date": "March 23",
        "headline": "The dismissal of the importance of hygiene in surgery.",
        "summary": "Before the acceptance of the germ theory of disease, the importance of hygiene in medical practices was often overlooked. Doctors would move from one patient to another without washing their hands, leading to high rates of infection. The work of pioneers like Ignaz Semmelweis and Joseph Lister demonstrated that proper hygiene practices, such as handwashing and sterilization, could significantly reduce infections and save lives. Their contributions laid the foundation for modern antiseptic techniques and infection control in medicine."
    },
    {
        "date": "March 24",
        "headline": "The belief in alchemy as a legitimate science.",
        "summary": "Alchemy, the precursor to modern chemistry, was based on the belief that base metals could be transformed into gold and that a universal elixir could grant immortality. While alchemy contributed to early scientific inquiry, its mystical and speculative aspects were eventually debunked. The development of modern chemistry, based on empirical evidence and the scientific method, replaced alchemy and led to significant advancements in our understanding of matter and chemical processes."
    },
    {
        "date": "March 25",
        "headline": "The rejection of the concept of bacteria.",
        "summary": "Before the acceptance of germ theory, the existence of bacteria and their role in causing diseases were not understood. Early microscopes allowed scientists like Antonie van Leeuwenhoek to observe microorganisms, but it took further research by scientists like Louis Pasteur and Robert Koch to establish that bacteria are responsible for many infections. This discovery revolutionized medicine, leading to the development of vaccines, antibiotics, and hygiene practices to control and prevent bacterial infections."
    },
    {
        "date": "March 26",
        "headline": "The belief that the stars were fixed in space.",
        "summary": "For much of history, it was believed that the stars were fixed points of light in a static celestial sphere. This belief was challenged by the discovery of stellar parallax and the observation that stars move relative to each other. The development of modern astrophysics has revealed that stars are dynamic objects, moving through space and undergoing various stages of evolution, fundamentally changing our understanding of the universe."
    },
    {
        "date": "March 27",
        "headline": "The dismissal of the potential of computers.",
        "summary": "In the early 20th century, the idea of electronic computers was met with skepticism. Some believed that such machines would never be practical or widely used. This skepticism was dispelled by the development of early computers like ENIAC and the subsequent advances in computer technology. Today, computers are integral to nearly every aspect of modern life, driving innovation, communication, and productivity."
    },
    {
        "date": "March 28",
        "headline": "The rejection of the heliocentric model.",
        "summary": "The heliocentric model, which posits that the Earth and other planets orbit the sun, was first proposed by Copernicus in the 16th century. Initially, it faced strong opposition from the Catholic Church and many scholars who adhered to the geocentric model. It took the work of astronomers like Kepler and Galileo, who provided further evidence through observations and mathematical models, to eventually gain acceptance and revolutionize our understanding of the solar system."
    },
    {
        "date": "March 29",
        "headline": "The belief that the moon had its own light.",
        "summary": "In ancient times, it was commonly believed that the moon emitted its own light. This belief was corrected by the realization that the moon's light is actually reflected sunlight. Observations and studies by astronomers, including Galileo, who used telescopes to study the moon's surface, provided evidence that the moon does not produce light but rather reflects the sun's rays."
    },
    {
        "date": "March 30",
        "headline": "The dismissal of the wave theory of light.",
        "summary": "Before the acceptance of the wave theory of light, many scientists believed in the particle theory, which posited that light was composed of particles. The wave theory, developed by Christiaan Huygens and supported by Thomas Young's double-slit experiment, demonstrated that light behaves as a wave. Later, the work of James Clerk Maxwell, who formulated the theory of electromagnetism, and Albert Einstein, who introduced the concept of wave-particle duality, further expanded our understanding of light."
    },
    {
        "date": "March 31",
        "headline": "The belief in spontaneous generation.",
        "summary": "For centuries, it was widely believed that life could spontaneously arise from non-living matter. This idea, known as spontaneous generation, was eventually disproven by experiments conducted by scientists like Francesco Redi and Louis Pasteur. Redi demonstrated that maggots on decaying meat came from eggs laid by flies, not from the meat itself. Pasteur's experiments with sterilized broth further confirmed that life does not spontaneously generate, leading to the acceptance of biogenesis, the principle that life arises from pre-existing life."
    }
]