[
    {
        "date": "May 15",
        "headline": "The belief that all swans are white.",
        "summary": "The belief that all swans are white was held by Europeans for centuries until the discovery of black swans in Australia in the late 17th century. This discovery challenged the prevailing assumption and demonstrated the importance of empirical observation in science. The term 'black swan' has since become a metaphor for unexpected events that challenge established knowledge and have significant impact."
    },
    {
        "date": "May 16",
        "headline": "The dismissal of the importance of hygiene in surgery.",
        "summary": "Before the acceptance of the germ theory of disease, the importance of hygiene in medical practices was often overlooked. Doctors would move from one patient to another without washing their hands, leading to high rates of infection. The work of pioneers like Ignaz Semmelweis and Joseph Lister demonstrated that proper hygiene practices, such as handwashing and sterilization, could significantly reduce infections and save lives. Their contributions laid the foundation for modern antiseptic techniques and infection control in medicine."
    },
    {
        "date": "May 17",
        "headline": "The rejection of the heliocentric model.",
        "summary": "The heliocentric model, which posits that the Earth and other planets orbit the sun, was first proposed by Copernicus in the 16th century. Initially, it faced strong opposition from the Catholic Church and many scholars who adhered to the geocentric model. It took the work of astronomers like Kepler and Galileo, who provided further evidence through observations and mathematical models, to eventually gain acceptance and revolutionize our understanding of the solar system."
    },
    {
        "date": "May 18",
        "headline": "The belief that diseases were caused by evil spirits.",
        "summary": "In ancient times, diseases were often attributed to supernatural causes such as curses, evil spirits, or divine punishment. This belief led to treatments based on exorcisms, rituals, and charms. The development of the germ theory of disease by scientists like Louis Pasteur and Robert Koch provided a scientific explanation for diseases, identifying microorganisms as the true culprits. This understanding led to modern medical practices focused on hygiene, vaccination, and antimicrobial treatments."
    },
    {
        "date": "May 19",
        "headline": "The dismissal of the potential of computers.",
        "summary": "In the early 20th century, the idea of electronic computers was met with skepticism. Some believed that such machines would never be practical or widely used. This skepticism was dispelled by the development of early computers like ENIAC and the subsequent advances in computer technology. Today, computers are integral to nearly every aspect of modern life, driving innovation, communication, and productivity."
    },
    {
        "date": "May 20",
        "headline": "The rejection of the idea that germs cause disease.",
        "summary": "Before the acceptance of the germ theory of disease, many believed that illnesses were caused by miasma (bad air) or imbalances in bodily humors. The work of scientists like Louis Pasteur and Robert Koch provided compelling evidence that microorganisms are responsible for many diseases. Pasteur's experiments on fermentation and pasteurization, along with Koch's identification of specific pathogens, revolutionized medicine and led to the development of modern practices in hygiene, vaccination, and antimicrobial treatments."
    },
    {
        "date": "May 21",
        "headline": "The belief in the miasma theory of disease.",
        "summary": "For centuries, the miasma theory, which posited that diseases were caused by 'bad air' emanating from decaying organic matter, was widely accepted. This theory was eventually debunked by the germ theory of disease, pioneered by scientists like Louis Pasteur and Robert Koch. Their research demonstrated that microorganisms are the true cause of many diseases, leading to the development of modern medical practices such as vaccination, sterilization, and hygiene to prevent the spread of infections."
    },
    {
        "date": "May 22",
        "headline": "The dismissal of the potential of radio.",
        "summary": "When radio technology was first developed, many experts dismissed its potential, believing it would have limited applications. However, the rapid adoption of radio for communication, broadcasting, and entertainment quickly proved its value. Radio revolutionized mass communication, allowing real-time transmission of information over long distances, and laid the groundwork for later advancements in telecommunications."
    },
    {
        "date": "May 23",
        "headline": "The rejection of the heliocentric model.",
        "summary": "The heliocentric model, which posits that the Earth and other planets orbit the sun, was first proposed by Copernicus in the 16th century. Initially, it faced strong opposition from the Catholic Church and many scholars who adhered to the geocentric model. It took the work of astronomers like Kepler and Galileo, who provided further evidence through observations and mathematical models, to eventually gain acceptance and revolutionize our understanding of the solar system."
    },
    {
        "date": "May 24",
        "headline": "The belief that the moon had its own light.",
        "summary": "In ancient times, it was commonly believed that the moon emitted its own light. This belief was corrected by the realization that the moon's light is actually reflected sunlight. Observations and studies by astronomers, including Galileo, who used telescopes to study the moon's surface, provided evidence that the moon does not produce light but rather reflects the sun's rays."
    },
    {
        "date": "May 25",
        "headline": "The rejection of the wave theory of light.",
        "summary": "Before the acceptance of the wave theory of light, many scientists believed in the particle theory, which posited that light was composed of particles. The wave theory, developed by Christiaan Huygens and supported by Thomas Young's double-slit experiment, demonstrated that light behaves as a wave. Later, the work of James Clerk Maxwell, who formulated the theory of electromagnetism, and Albert Einstein, who introduced the concept of wave-particle duality, further expanded our understanding of light."
    },
    {
        "date": "May 26",
        "headline": "The belief in spontaneous generation.",
        "summary": "For centuries, it was widely believed that life could spontaneously arise from non-living matter. This idea, known as spontaneous generation, was eventually disproven by experiments conducted by scientists like Francesco Redi and Louis Pasteur. Redi demonstrated that maggots on decaying meat came from eggs laid by flies, not from the meat itself. Pasteur's experiments with sterilized broth further confirmed that life does not spontaneously generate, leading to the acceptance of biogenesis, the principle that life arises from pre-existing life."
    },
    {
        "date": "May 27",
        "headline": "The dismissal of the importance of hygiene in surgery.",
        "summary": "Before the acceptance of the germ theory of disease, the importance of hygiene in medical practices was often overlooked. Doctors would move from one patient to another without washing their hands, leading to high rates of infection. The work of pioneers like Ignaz Semmelweis and Joseph Lister demonstrated that proper hygiene practices, such as handwashing and sterilization, could significantly reduce infections and save lives. Their contributions laid the foundation for modern antiseptic techniques and infection control in medicine."
    },
    {
        "date": "May 28",
        "headline": "The rejection of the idea that germs cause disease.",
        "summary": "Before the acceptance of the germ theory of disease, many believed that illnesses were caused by miasma (bad air) or imbalances in bodily humors. The work of scientists like Louis Pasteur and Robert Koch provided compelling evidence that microorganisms are responsible for many diseases. Pasteur's experiments on fermentation and pasteurization, along with Koch's identification of specific pathogens, revolutionized medicine and led to the development of modern practices in hygiene, vaccination, and antimicrobial treatments."
    },
    {
        "date": "May 29",
        "headline": "The belief in the four elements as the basis of matter.",
        "summary": "For centuries, ancient Greek philosophers like Empedocles and Aristotle believed that all matter was composed of four elements: earth, water, air, and fire. This theory persisted until the development of modern chemistry in the 17th and 18th centuries, which revealed that matter is composed of atoms and molecules. The discovery of chemical elements and the formulation of the periodic table by Dmitri Mendeleev further disproved the ancient theory of the four elements."
    },
    {
        "date": "May 30",
        "headline": "The dismissal of the germ theory of disease.",
        "summary": "Before the acceptance of germ theory, many believed that illnesses were caused by miasma (bad air) or imbalances in bodily humors. The work of scientists like Louis Pasteur and Robert Koch provided compelling evidence that microorganisms are responsible for many diseases. Pasteur's experiments on fermentation and pasteurization, along with Koch's identification of specific pathogens, revolutionized medicine and led to the development of modern practices in hygiene, vaccination, and antimicrobial treatments."
    },
    {
        "date": "May 31",
        "headline": "The rejection of the theory of evolution.",
        "summary": "When Charles Darwin published his theory of evolution by natural selection in 1859, it faced significant opposition from both religious and scientific communities. Many people found it difficult to accept that species, including humans, could evolve over time through natural processes. Over time, however, extensive evidence from various fields such as genetics, paleontology, and comparative anatomy has validated Darwin." 
        }
        ]