[
    {
        "date": "October 1",
        "headline": "The rejection of the wave theory of light.",
        "summary": "Before the acceptance of the wave theory of light, many scientists believed in the particle theory, which posited that light was composed of particles. The wave theory, developed by Christiaan Huygens and supported by Thomas Young's double-slit experiment, demonstrated that light behaves as a wave. Later, the work of James Clerk Maxwell, who formulated the theory of electromagnetism, and Albert Einstein, who introduced the concept of wave-particle duality, further expanded our understanding of light."
    },
    {
        "date": "October 2",
        "headline": "The belief that the moon was made of cheese.",
        "summary": "The idea that the moon was made of cheese is an old folk tale and a metaphorical expression rather than a serious scientific belief. However, it reflects the limited understanding of celestial bodies in ancient times. The development of telescopes and advancements in astronomy have provided detailed knowledge about the moon's composition, which is primarily rock and dust. The exploration of the moon, including the Apollo missions, has given us a comprehensive understanding of its geology and formation."
    },
    {
        "date": "October 3",
        "headline": "The dismissal of the importance of washing hands in surgery.",
        "summary": "Before the acceptance of the germ theory of disease, the importance of hygiene in medical practices was often overlooked. Doctors would move from one patient to another without washing their hands, leading to high rates of infection. The work of pioneers like Ignaz Semmelweis and Joseph Lister demonstrated that proper hygiene practices, such as handwashing and sterilization, could significantly reduce infections and save lives. Their contributions laid the foundation for modern antiseptic techniques and infection control in medicine."
    },
    {
        "date": "October 4",
        "headline": "The belief that the Earth was the center of the universe.",
        "summary": "For centuries, the geocentric model, which placed Earth at the center of the universe, was widely accepted. This view was supported by prominent philosophers like Aristotle and Ptolemy. The heliocentric model, proposed by Copernicus and later supported by Galileo's observations, challenged this belief and eventually revolutionized our understanding of the cosmos. The realization that Earth is just one of many planets orbiting the sun fundamentally changed our perspective on our place in the universe."
    },
    {
        "date": "October 5",
        "headline": "The rejection of the idea of evolution.",
        "summary": "When Charles Darwin published his theory of evolution by natural selection in 1859, it faced significant opposition from both religious and scientific communities. Many people found it difficult to accept that species, including humans, could evolve over time through natural processes. Over time, however, extensive evidence from various fields such as genetics, paleontology, and comparative anatomy has validated Darwin's theory, making it a cornerstone of modern biology."
    },
    {
        "date": "October 6",
        "headline": "The belief that the heart was the center of thought.",
        "summary": "In ancient times, many cultures believed that the heart was the center of thought, emotion, and consciousness. This view was gradually replaced by the understanding that the brain is the true center of these functions. Advances in neuroscience and psychology have provided detailed insights into how the brain processes information, controls behavior, and forms the basis of our thoughts and emotions."
    },
    {
        "date": "October 7",
        "headline": "The dismissal of the potential of antibiotics.",
        "summary": "When Alexander Fleming discovered penicillin in 1928, its potential was not immediately recognized. It took more than a decade for penicillin to be developed into a widely used antibiotic, revolutionizing medicine and saving countless lives. The initial skepticism about antibiotics highlights the importance of further research and development in recognizing the potential of new medical treatments."
    },
    {
        "date": "October 8",
        "headline": "The rejection of the idea of continental drift.",
        "summary": "When Alfred Wegener proposed the theory of continental drift in 1912, suggesting that continents were once connected and had drifted apart over time, his ideas were largely dismissed by the scientific community. It wasn't until the 1960s, with the development of the theory of plate tectonics and the discovery of seafloor spreading, that Wegener's ideas gained acceptance. Today, the movement of tectonic plates is a fundamental concept in geology, explaining phenomena such as earthquakes, volcanic activity, and mountain formation."
    },
    {
        "date": "October 9",
        "headline": "The belief that the Earth was flat.",
        "summary": "The belief in a flat Earth was common in ancient civilizations. It wasn't until the work of early Greek philosophers like Pythagoras and later astronomers such as Aristotle and Eratosthenes that the idea of a spherical Earth gained acceptance. Their observations and calculations, including the curvature of the Earth's shadow on the moon during an eclipse and the variation in star constellations with latitude, provided compelling evidence for a round Earth. Today, the spherical shape of the Earth is an established scientific fact."
    },
    {
        "date": "October 10",
        "headline": "The dismissal of the potential of computers.",
        "summary": "In the early 20th century, the idea of electronic computers was met with skepticism. Some believed that such machines would never be practical or widely used. This skepticism was dispelled by the development of early computers like ENIAC and the subsequent advances in computer technology. Today, computers are integral to nearly every aspect of modern life, driving innovation, communication, and productivity."
    },
    {
        "date": "October 11",
        "headline": "The belief that the moon had its own light.",
        "summary": "In ancient times, it was commonly believed that the moon emitted its own light. This belief was corrected by the realization that the moon's light is actually reflected sunlight. Observations and studies by astronomers, including Galileo, who used telescopes to study the moon's surface, provided evidence that the moon does not produce light but rather reflects the sun's rays."
    },
    {
        "date": "October 12",
        "headline": "The dismissal of the theory of relativity.",
        "summary": "When Albert Einstein introduced his theories of special relativity in 1905 and general relativity in 1915, they faced significant skepticism from the scientific community. Many physicists were reluctant to abandon classical mechanics and struggled to understand the implications of Einstein's equations. Over time, however, experimental evidence confirmed the predictions of relativity, and these theories have become foundational in modern physics, profoundly influencing our understanding of space, time, and gravity."
    },
    {
        "date": "October 13",
        "headline": "The belief that heavier-than-air flight was impossible.",
        "summary": "Before the success of the Wright brothers, many experts believed that heavier-than-air flight was impossible and that only lighter-than-air craft, such as balloons, could achieve flight. The Wright brothers' successful powered flight in 1903 demonstrated that controlled, sustained flight with a heavier-than-air craft was possible, leading to the development of modern aviation and revolutionizing transportation."
    },
    {
        "date": "October 14",
        "headline": "The rejection of the heliocentric model.",
        "summary": "The heliocentric model, which posits that the Earth and other planets orbit the sun, was first proposed by Copernicus in the 16th century. Initially, it faced strong opposition from the Catholic Church and many scholars who adhered to the geocentric model. It took the work of astronomers like Kepler and Galileo, who provided further evidence through observations and mathematical models, to eventually gain acceptance and revolutionize our understanding of the solar system."
    }
]